msec,force_x,force_y,force_z,force_T_x,force_T_y,force_T_z,foot_loc_x,foot_loc_y,foot_loc_z
27.000000,0.000000,0.000000,0.000000,0.000000,0.000000,0.000000,-0.538000,24.944000,0.130000, -30.541288, -8.855838, 7.379865
33.000000,0.002474,-0.048002,-0.000989,0.000000,0.000000,0.000000,-0.462000,24.722000,0.171000, -9.946630, -10.675027, 4.298663
34.000000,0.000197,-0.073399,-0.000230,0.000000,0.000000,0.000000,-0.414000,24.407000,0.203000, -2.744256, -8.270363, 1.952322
39.000000,0.000000,0.000000,0.000000,0.000000,0.000000,0.000000,-0.414000,24.407000,0.203000, -2.160938, -6.512418, 1.537337
44.000000,-0.002136,-0.098982,-0.000370,0.000000,0.000000,0.000000,-0.468000,24.243000,0.304000, -1.785477, -5.393949, 1.918635
47.000000,-0.000887,-0.129933,0.000670,0.000000,0.000000,0.000000,-0.420000,24.005000,0.323000, -0.749518, -5.406775, 1.384502
53.000000,-0.020523,-0.244041,0.008740,0.000000,0.000000,0.000000,-0.227000,23.727000,0.398000, 0.915229, -6.292429, 1.640728
55.000000,0.002140,-0.286497,0.018146,0.000000,0.000000,0.000000,-0.066000,23.481000,0.410000, 1.553073, -5.497715, 1.119766
61.000000,0.018242,-0.647617,-0.007374,0.000000,0.000000,0.000000,0.081000,23.169000,0.488000, 2.347770, -6.948934, 1.509812
66.000000,0.003273,-0.750439,0.023709,0.000000,0.000000,0.000000,0.181000,22.861000,0.555000, 2.103589, -6.290061, 1.367082
67.000000,0.032445,-0.648357,0.027101,0.000000,0.000000,0.000000,0.189000,22.674000,0.627000, 1.664550, -5.788041, 1.413872
75.000000,0.026833,-0.147163,0.026465,0.000000,0.000000,0.000000,0.189000,22.674000,0.627000, 1.516790, -5.274244, 1.288365
78.000000,0.052956,-1.208702,0.032705,0.000000,0.000000,0.000000,-0.150000,22.334000,0.568000, -0.482721, -4.969526, 0.592130
80.000000,0.018137,-1.004128,0.018914,0.000000,0.000000,0.000000,-0.171000,22.155000,0.470000, -0.510066, -5.082006, 0.063201
86.000000,-0.036516,-0.520119,0.010765,0.000000,0.000000,0.000000,-0.171000,22.155000,0.470000, -0.468692, -4.669783, 0.058074
89.000000,-0.003773,-1.186617,-0.017623,0.000000,0.000000,0.000000,-0.220000,22.014000,0.339000, -0.554631, -3.996150, -0.535246
92.000000,-0.073762,-1.543891,-0.038799,0.000000,0.000000,0.000000,-0.321000,21.822000,0.300000, -0.937456, -4.307113, -0.637580
95.000000,-0.037927,-2.109786,-0.010244,0.000000,0.000000,0.000000,-0.179000,21.557000,0.321000, -0.131465, -4.926437, -0.445493
100.000000,0.018441,-1.869409,-0.113830,0.000000,0.000000,0.000000,-0.099000,21.335000,0.302000, 0.275195, -5.261436, -0.470586
103.000000,0.016694,-2.706599,0.009892,0.001163,-0.007827,-0.000186,0.026000,21.077000,0.355000, 0.788807, -5.310675, -0.126330
108.000000,-0.033067,-3.382217,-0.084223,0.000000,0.000000,0.000000,0.152000,20.754000,0.327000, 1.268500, -6.058742, -0.240099
114.000000,0.144864,-2.390979,-0.051233,0.000000,0.000000,0.000000,0.166000,20.568000,0.260000, 1.063298, -5.614543, -0.490734
117.000000,0.180869,-3.545318,-0.084160,0.000511,-0.010217,-0.000952,0.036000,20.288000,0.228000, 0.266080, -5.316297, -0.495128
120.000000,0.027634,-0.874089,-0.094831,0.000111,-0.002227,-0.000207,0.036000,20.288000,0.228000, 0.231072, -4.616828, -0.429984
124.000000,-0.065788,-2.601236,-0.074096,0.000000,0.000000,0.000000,-0.127000,20.136000,0.265000, -0.521423, -4.656075, -0.207416
131.000000,0.000652,-3.835607,0.054100,0.000000,0.000000,0.000000,-0.075000,19.917000,0.270000, -0.208178, -4.975331, -0.154343
133.000000,0.119145,-5.526168,-0.095221,0.000000,0.000000,0.000000,-0.173000,19.554000,0.191000, -0.523147, -4.878761, -0.412295
138.000000,-0.114328,-1.060030,-0.102433,0.000000,0.000000,0.000000,-0.173000,19.554000,0.191000, -0.489024, -4.560539, -0.385402
141.000000,-0.147014,-3.299681,-0.009077,-0.000237,-0.002266,-0.000100,-0.190000,19.371000,0.218000, -0.463824, -4.428538, -0.195417
145.000000,-0.296879,-3.547850,-0.168782,-0.000343,-0.003655,-0.000076,-0.196000,19.207000,0.235000, -0.427020, -4.545887, -0.094132
150.000000,-0.185716,-5.690795,0.041661,-0.001354,-0.014145,0.000506,-0.226000,18.910000,0.294000, -0.469180, -4.899737, 0.175147
155.000000,-0.314610,-3.016435,0.259117,-0.002455,-0.014163,0.001514,-0.318000,18.807000,0.373000, -0.758153, -4.373884, 0.467506
158.000000,-0.429963,-4.844751,0.243032,-0.009812,-0.037098,0.006931,-0.436000,18.663000,0.470000, -1.090998, -4.125069, 0.770691
159.000000,-0.324403,-5.289213,0.182233,-0.012733,-0.047903,0.010392,-0.477000,18.513000,0.528000, -1.121425, -4.218834, 0.915256
164.000000,-0.280582,-1.142490,0.197980,-0.002636,-0.009915,0.002151,-0.477000,18.513000,0.528000, -1.036547, -3.899519, 0.845982
167.000000,-0.469871,-4.873173,0.179980,-0.016469,-0.049669,0.007674,-0.564000,18.386000,0.505000, -1.208936, -3.646096, 0.563362
174.000000,-0.224199,-7.352036,0.191237,-0.021663,-0.076936,0.003546,-0.602000,18.132000,0.444000, -1.211370, -4.302055, 0.198256
177.000000,-0.508680,-8.609397,0.194256,-0.024488,-0.098602,0.000115,-0.660000,17.796000,0.410000, -1.135362, -4.571667, 0.005334
181.000000,-0.533319,-6.345057,0.056390,-0.015829,-0.072230,-0.000323,-0.675000,17.606000,0.404000, -1.047769, -4.781055, -0.021406
186.000000,-0.376018,-7.067323,-0.301758,-0.012528,-0.075894,-0.004365,-0.656000,17.422000,0.345000, -0.760961, -4.609969, -0.265132
188.000000,-0.282464,-8.617554,-0.102657,-0.002681,-0.073840,-0.006786,-0.550000,17.120000,0.286000, -0.180095, -4.959604, -0.455819
194.000000,-0.065308,-1.605025,-0.155050,-0.000414,-0.011406,-0.001048,-0.550000,17.120000,0.286000, -0.167653, -4.616963, -0.424328
197.000000,-0.512259,-13.324317,0.099440,0.004892,-0.022969,-0.001926,-0.227000,16.575000,0.247000, 1.206109, -5.663592, -0.474851
200.000000,0.332744,-6.279927,-0.135473,0.002635,-0.010195,-0.000784,-0.115000,16.342000,0.237000, 1.527589, -5.911039, -0.454512
206.000000,0.949918,-7.076140,-0.159728,0.009998,-0.032016,-0.001474,0.028000,16.080000,0.260000, 1.956098, -6.263891, -0.288341
209.000000,0.973278,-7.076560,-0.024190,0.009641,-0.034171,-0.001680,0.047000,15.889000,0.247000, 1.535541, -5.442318, -0.267500
213.000000,0.805010,-8.493864,-0.460022,0.007308,-0.035533,-0.004849,0.006000,15.673000,0.120000, 1.160519, -5.642473, -0.769949
217.000000,0.373421,-1.881399,-0.267569,0.001394,-0.006779,-0.000925,0.006000,15.673000,0.120000, 1.001796, -4.870755, -0.664644
220.000000,1.022790,-13.293541,-0.039325,0.018659,-0.089502,-0.001503,0.113000,15.172000,0.221000, 1.257071, -6.029951, -0.101232
224.000000,0.686402,-7.160916,0.119781,0.013338,-0.057895,0.001376,0.182000,14.984000,0.273000, 1.390318, -6.034706, 0.143417
230.000000,0.374549,-1.725372,0.028943,0.002658,-0.011537,0.000274,0.182000,14.984000,0.273000, 1.186840, -5.151503, 0.122427
233.000000,0.994922,-10.199830,0.440806,0.031254,-0.110182,0.012576,0.308000,14.715000,0.388000, 1.402476, -4.944188, 0.564304
236.000000,0.334514,-8.551280,0.823117,0.019328,-0.097283,0.021281,0.256000,14.551000,0.528000, 0.991479, -4.990378, 1.091656
241.000000,0.867408,-8.815202,0.378912,0.019935,-0.105950,0.022420,0.276000,14.391000,0.555000, 0.939215, -4.991750, 1.056302
245.000000,1.136902,-10.786789,0.496170,0.023625,-0.136635,0.028255,0.289000,14.234000,0.583000, 0.808929, -4.678497, 0.967486
249.000000,0.748484,-15.111054,0.251642,0.015901,-0.185611,0.024052,0.236000,13.938000,0.552000, 0.428077, -4.996965, 0.647507
252.000000,0.465150,-10.158183,0.530114,0.007346,-0.126260,0.019542,0.219000,13.763000,0.604000, 0.294560, -5.062627, 0.783552
258.000000,0.178839,-2.149083,0.377161,0.001297,-0.022287,0.003449,0.219000,13.763000,0.604000, 0.253319, -4.353806, 0.673846
261.000000,0.849309,-20.530581,-0.059073,-0.003153,-0.224415,0.005130,0.155000,13.312000,0.509000, -0.071528, -5.091746, 0.116396
264.000000,-0.758452,-8.528388,-0.526991,-0.004795,-0.069882,-0.002343,0.089000,13.173000,0.446000, -0.342408, -4.989978, -0.167297
269.000000,-0.056516,-11.057107,-0.538951,-0.006168,-0.081303,-0.004965,0.068000,12.989000,0.408000, -0.388405, -5.119795, -0.312629
272.000000,-0.209621,-2.267611,-0.158202,-0.001005,-0.013247,-0.000809,0.068000,12.989000,0.408000, -0.310387, -4.091394, -0.249832
278.000000,-1.445624,-10.809753,-0.272543,-0.013099,-0.057037,-0.002582,-0.087000,12.845000,0.414000, -0.957153, -4.167767, -0.188684
280.000000,0.063115,-20.272293,-0.129911,-0.025718,-0.124141,0.000746,-0.146000,12.476000,0.456000, -0.955769, -4.613457, 0.027710
286.000000,-0.430356,-2.126459,0.030520,-0.002136,-0.010309,0.000062,-0.146000,12.476000,0.456000, -0.886732, -4.280218, 0.025709
289.000000,0.514413,-20.454834,0.571958,-0.021213,-0.171617,0.012745,-0.126000,12.107000,0.537000, -0.578897, -4.683336, 0.347811
292.000000,-0.337542,-2.456308,0.209902,-0.001919,-0.015525,0.001153,-0.126000,12.107000,0.537000, -0.502563, -4.065785, 0.301948
297.000000,-1.130401,-12.001320,-0.017026,-0.022234,-0.104895,0.012172,-0.236000,11.918000,0.592000, -0.920915, -4.344747, 0.504165
302.000000,-0.957389,-20.529735,0.018435,-0.022516,-0.213325,0.022897,-0.188000,11.554000,0.624000, -0.530671, -5.027895, 0.539667
305.000000,-0.259577,-13.517306,0.440199,-0.006750,-0.129784,0.009719,-0.146000,11.359000,0.607000, -0.252579, -4.856278, 0.363674
308.000000,-0.104687,-2.304868,0.194347,-0.000887,-0.017060,0.001278,-0.146000,11.359000,0.607000, -0.218587, -4.202736, 0.314732
314.000000,-1.573436,-19.540911,-0.146304,-0.013193,-0.155915,-0.003591,-0.196000,11.077000,0.522000, -0.413493, -4.886852, -0.112546
319.000000,-0.968841,-20.747710,-1.329408,-0.001845,-0.031931,-0.007109,-0.196000,10.660000,0.250000, -0.307881, -5.329277, -1.186536
322.000000,-0.768953,-16.737910,0.213919,-0.002389,-0.032690,-0.005963,-0.231000,10.409000,0.248000, -0.389583, -5.331363, -0.972557
324.000000,-0.227320,-2.741238,-0.530368,-0.000299,-0.004090,-0.000746,-0.231000,10.409000,0.248000, -0.339072, -4.640120, -0.846459
330.000000,-1.898696,-13.360821,-0.788270,-0.012404,-0.064538,-0.009857,-0.371000,10.250000,0.251000, -0.967902, -5.036170, -0.769157
333.000000,0.803579,-23.812801,0.552858,-0.007264,-0.110397,-0.003812,-0.282000,9.888000,0.344000, -0.345037, -5.244158, -0.181078
336.000000,-0.190955,-2.485891,-0.170549,-0.000550,-0.008357,-0.000289,-0.282000,9.888000,0.344000, -0.298354, -4.534631, -0.156579
342.000000,-0.989052,-13.773912,0.144893,-0.012039,-0.089841,0.002934,-0.362000,9.729000,0.407000, -0.616065, -4.597277, 0.150120
347.000000,0.448592,-26.289792,0.272650,0.003985,-0.218809,0.025026,-0.226000,9.318000,0.523000, 0.093073, -5.110086, 0.584457
349.000000,0.355295,-16.629303,-0.358979,0.007183,-0.129373,0.011035,-0.176000,9.116000,0.510000, 0.275260, -4.957654, 0.422859
353.000000,0.191496,-2.995605,0.247193,0.000944,-0.017011,0.001451,-0.176000,9.116000,0.510000, 0.255545, -4.602582, 0.392573
356.000000,-0.581707,-26.677769,-0.436355,0.009315,-0.182104,0.003235,-0.161000,8.750000,0.459000, 0.269592, -5.270439, 0.093632
363.000000,0.184642,-18.583723,-1.738768,0.009732,-0.087310,-0.005849,-0.076000,8.533000,0.359000, 0.611593, -5.486933, -0.367588
366.000000,-0.089350,-22.164272,0.047791,0.006820,-0.091801,-0.005941,-0.095000,8.281000,0.345000, 0.381095, -5.129800, -0.331990
369.000000,0.833662,-21.306408,-0.184240,0.012250,-0.111092,-0.004980,-0.033000,8.061000,0.356000, 0.594195, -5.388718, -0.241581
374.000000,0.644862,-20.258151,-0.137525,0.009424,-0.091427,-0.006470,-0.022000,7.881000,0.316000, 0.558896, -5.422021, -0.383715
377.000000,1.071920,-24.796792,0.469567,0.023023,-0.151336,-0.011403,0.063000,7.651000,0.294000, 0.808796, -5.316350, -0.400588
381.000000,0.474955,-3.256421,-0.276145,0.002284,-0.015011,-0.001131,0.063000,7.651000,0.294000, 0.697676, -4.585937, -0.345551
386.000000,1.543937,-39.652454,0.478706,0.074584,-0.379108,-0.027320,0.199000,7.154000,0.261000, 1.139001, -5.789472, -0.417213
389.000000,-0.351065,-15.028192,0.721304,0.018986,-0.131155,-0.002358,0.162000,7.007000,0.319000, 0.762838, -5.269662, -0.094749
392.000000,0.629189,-3.954032,-0.178589,0.003676,-0.025395,-0.000457,0.162000,7.007000,0.319000, 0.660162, -4.560382, -0.081996
397.000000,0.638801,-21.512056,-1.199386,0.013156,-0.169262,-0.004544,0.119000,6.810000,0.306000, 0.373948, -4.811253, -0.129160
400.000000,1.454067,-33.853044,1.391331,0.058928,-0.405778,0.022941,0.236000,6.415000,0.402000, 0.805037, -5.543452, 0.313402
405.000000,-0.253444,-13.151663,1.759950,0.012623,-0.145792,0.015516,0.183000,6.310000,0.466000, 0.453888, -5.242344, 0.557923
408.000000,0.341988,-2.905136,0.319986,0.002013,-0.023254,0.002475,0.183000,6.310000,0.466000, 0.361480, -4.175044, 0.444335
413.000000,1.199057,-21.345056,1.183482,0.021635,-0.260371,0.036432,0.197000,6.108000,0.521000, 0.374056, -4.501682, 0.629882
417.000000,1.078601,-23.255513,2.097726,0.020089,-0.309239,0.060699,0.194000,5.923000,0.604000, 0.284963, -4.386623, 0.861028
422.000000,3.673749,-30.046373,-2.012959,0.086010,-0.460002,0.042784,0.348000,5.647000,0.543000, 0.874985, -4.679642, 0.435241
424.000000,0.661786,-3.522573,0.329635,0.007381,-0.039473,0.003671,0.348000,5.647000,0.543000, 0.706689, -3.779552, 0.351526
430.000000,3.587799,-15.207341,0.541588,0.070309,-0.243122,0.018633,0.447000,5.575000,0.536000, 1.108275, -3.832340, 0.293713
433.000000,5.190851,-12.371247,0.491722,0.137346,-0.245482,0.023871,0.650000,5.547000,0.553000, 1.661255, -2.969207, 0.288730
438.000000,5.165875,-11.603778,-1.774704,0.206480,-0.244032,-0.025779,0.844000,5.520000,0.429000, 2.275188, -2.688975, -0.284057
442.000000,0.976494,-1.277592,-0.136652,0.023830,-0.028164,-0.002975,0.844000,5.520000,0.429000, 1.828188, -2.160680, -0.228249
445.000000,10.587642,-18.291706,-7.445936,1.394156,-0.396043,-1.004026,2.390000,5.406000,-0.900000, 7.784831, -2.211464, -5.606382
449.000000,7.319970,-10.249639,-1.712635,1.228074,-0.275294,-0.663657,3.419000,5.270000,-1.172000, 11.151001, -2.499693, -6.026056
452.000000,0.080137,-0.029566,-0.043620,0.015994,-0.003585,-0.008643,3.419000,5.270000,-1.172000, 9.570602, -2.145419, -5.172001
458.000000,5.087648,-6.926307,-1.049985,0.000000,0.000000,0.000000,4.794000,5.144000,-1.238000, 14.517283, -2.418335, -4.739259
463.000000,4.901126,-6.190080,0.759730,0.392909,-0.041152,-0.036014,6.227000,5.156000,-0.754000, 16.714674, -1.750631, -1.532064
464.000000,3.558171,-4.020504,1.218916,0.415229,-0.033728,-0.002499,6.977000,5.174000,-0.471000, 16.571081, -1.346036, -0.099728
470.000000,0.003776,-0.000637,0.000000,0.001288,-0.000105,-0.000008,6.977000,5.174000,-0.471000, 15.372779, -1.248700, -0.092516
474.000000,4.056682,-5.037440,1.443100,0.000000,0.000000,0.000000,8.037000,5.244000,0.084000, 15.808630, -0.647575, 2.193970
477.000000,0.002605,-0.000581,0.000375,0.000000,0.000000,0.000000,8.037000,5.244000,0.084000, 13.656854, -0.559431, 1.895340
480.000000,3.133258,-3.103303,0.376997,0.000000,0.000000,0.000000,8.764000,5.298000,0.280000, 15.002182, -0.243334, 2.503430
486.000000,1.718616,-1.876576,0.234127,0.034164,-0.000177,0.006089,9.141000,5.327000,0.379000, 14.598042, -0.075638, 2.601605
489.000000,1.872828,-1.764035,-0.121902,0.066045,0.000318,0.011705,9.483000,5.355000,0.437000, 12.225336, 0.058939, 2.166634
492.000000,1.996754,-2.029041,-0.249199,0.107322,0.001946,0.014994,9.880000,5.395000,0.400000, 12.302774, 0.223032, 1.718860
497.000000,2.276518,-2.342839,-0.690567,0.155831,0.004624,0.010705,10.205000,5.432000,0.254000, 12.050662, 0.357552, 0.827822
502.000000,2.057879,-1.798019,-0.389277,0.173742,0.006802,0.002873,10.533000,5.466000,0.143000, 11.024138, 0.431598, 0.182285
505.000000,4.149298,-3.768594,-0.834621,0.427598,0.021622,-0.005788,11.142000,5.521000,0.071000, 11.403826, 0.576657, -0.154371
508.000000,2.760770,-2.314808,0.360638,0.341995,0.018809,0.005287,11.560000,5.554000,0.143000, 11.685168, 0.642643, 0.180656
513.000000,3.054557,-3.228567,0.254976,0.410522,0.024026,0.017949,11.956000,5.585000,0.223000, 11.838060, 0.692814, 0.517599
517.000000,3.030892,-2.653026,0.282172,0.454707,0.027624,0.035069,12.354000,5.614000,0.326000, 11.149006, 0.677317, 0.859857
520.000000,5.131700,-4.271310,0.097065,0.859653,0.055323,0.096518,12.981000,5.662000,0.471000, 11.582924, 0.745424, 1.300475
525.000000,4.257230,-3.911647,-0.445203,0.778114,0.052728,0.073506,13.442000,5.701000,0.474000, 12.030817, 0.815255, 1.136508
528.000000,3.806288,-3.042315,-0.296750,0.748474,0.053594,0.045484,13.893000,5.742000,0.425000, 11.544772, 0.826649, 0.701563
533.000000,4.344039,-3.645063,0.018054,0.906048,0.068994,0.032917,14.389000,5.790000,0.388000, 12.155872, 0.925646, 0.441621
536.000000,5.527560,-4.537613,-0.205824,1.221781,0.097844,0.028145,14.964000,5.845000,0.371000, 12.171562, 0.974733, 0.280386
541.000000,3.494410,-3.128288,-0.228473,0.812542,0.068011,0.002219,15.304000,5.882000,0.324000, 11.952511, 1.000443, 0.032642
545.000000,2.921538,-2.436820,-0.542374,0.684714,0.059606,-0.031373,15.597000,5.915000,0.202000, 10.850796, 0.944587, -0.497168
550.000000,4.312060,-3.417941,-0.381226,1.058100,0.093284,-0.087648,16.013000,5.954000,0.090000, 10.459260, 0.922110, -0.866398
552.000000,5.027287,-4.197384,-1.615298,1.406959,0.118095,-0.192444,16.487000,5.985000,-0.087000, 10.387717, 0.871909, -1.420834
559.000000,4.575671,-3.732980,-0.949449,1.221466,0.099096,-0.174710,16.856000,6.009000,-0.153000, 11.311366, 0.917680, -1.617895
561.000000,8.634845,-6.679807,0.485202,2.466698,0.184965,-0.122688,17.678000,6.058000,-0.002000, 11.079344, 0.830781, -0.551063
564.000000,0.000000,0.000000,0.000000,0.000000,0.000000,0.000000,17.678000,6.058000,-0.002000, 10.312545, 0.773283, -0.512924
572.000000,3.925292,-4.314999,-0.018825,0.000000,0.000000,0.000000,18.175000,6.057000,0.056000, 11.109610, 0.661028, -0.180719
572.000000,7.359639,-8.250181,-0.357086,0.355788,0.015219,-0.001766,19.209000,6.067000,0.074000, 11.748178, 0.502539, -0.058321
578.000000,0.000000,0.000000,0.000000,0.000000,0.000000,0.000000,19.209000,6.067000,0.074000, 11.748178, 0.502539, -0.058321
580.000000,4.856988,-6.127506,0.178486,0.000000,0.000000,0.000000,19.928000,6.089000,0.160000, 11.709364, 0.464675, 0.312224
584.000000,4.461723,-4.729574,0.280041,0.150082,0.006719,0.006742,20.600000,6.131000,0.233000, 13.950114, 0.624485, 0.626638
591.000000,3.605422,-4.208138,0.028165,0.193373,0.009608,0.008063,21.057000,6.166000,0.244000, 13.071582, 0.649468, 0.545036
594.000000,2.802116,-3.085669,0.144443,0.194018,0.010560,0.008610,21.450000,6.199000,0.268000, 11.396907, 0.620314, 0.505752
599.000000,4.156992,-4.401461,-0.111178,0.369240,0.020306,0.012674,21.935000,6.227000,0.261000, 11.901451, 0.654496, 0.408516
602.000000,4.488185,-5.259894,-0.879063,0.559487,0.015904,-0.010121,22.478000,6.180000,0.128000, 11.834494, 0.336400, -0.214084
605.000000,4.297119,-4.919966,-1.341418,0.600848,0.007748,-0.040632,22.882000,6.148000,-0.018000, 11.993545, 0.154656, -0.811055
609.000000,5.634304,-6.887158,-0.867481,0.868423,-0.002814,-0.093037,23.371000,6.109000,-0.162000, 12.515979, -0.040563, -1.340876
613.000000,5.406227,-6.619075,-0.528075,0.901691,-0.014059,-0.072695,23.838000,6.073000,-0.138000, 11.995108, -0.187022, -0.967049
616.000000,7.035038,-6.967265,0.337584,1.339968,-0.027420,-0.029796,24.558000,6.047000,-0.019000, 13.550863, -0.277299, -0.301322
620.000000,5.633586,-5.776428,0.175765,1.141655,-0.019608,-0.007052,25.097000,6.046000,0.018000, 14.100599, -0.242184, -0.087106
627.000000,4.724042,-4.208663,-0.097549,0.986610,-0.008242,-0.006040,25.610000,6.064000,0.015000, 13.438536, -0.112261, -0.082268
628.000000,9.380388,-8.169853,0.551886,2.302453,0.000621,0.011211,26.706000,6.086000,0.048000, 14.434863, 0.003893, 0.070285
633.000000,0.000000,0.000000,0.000000,0.000000,0.000000,0.000000,26.706000,6.086000,0.048000, 13.460769, 0.003631, 0.065542
636.000000,3.541340,-3.979009,0.662809,0.000000,0.000000,0.000000,27.232000,6.124000,0.137000, 12.999223, 0.167334, 0.437352
642.000000,3.745008,-3.812815,-0.267867,0.102719,0.003022,0.002239,27.804000,6.182000,0.120000, 13.697712, 0.403016, 0.298593
645.000000,4.518347,-4.692761,-0.201302,0.266466,0.011599,0.005838,28.476000,6.247000,0.135000, 12.980038, 0.565018, 0.284371
649.000000,2.295405,-2.569667,-0.053936,0.155678,0.007812,0.001565,28.722000,6.277000,0.106000, 12.316132, 0.618020, 0.123828
653.000000,0.000000,0.000000,0.000000,0.000000,0.000000,0.000000,28.722000,6.277000,0.106000, 10.580476, 0.530926, 0.106377
658.000000,2.734171,-3.259705,-0.838999,0.000000,0.000000,0.000000,29.103000,6.332000,-0.055000, 10.128856, 0.661570, -0.602416
661.000000,4.865468,-5.585292,-1.365334,0.160542,0.012797,-0.017808,29.752000,6.412000,-0.228000, 10.846968, 0.864643, -1.203195
664.000000,0.000000,0.000000,0.000000,0.000000,0.000000,0.000000,29.752000,6.412000,-0.228000, 9.347257, 0.745096, -1.036841
670.000000,4.932927,-5.702338,-0.668188,0.000000,0.000000,0.000000,30.336000,6.471000,-0.374000, 10.668624, 0.906327, -1.548160
673.000000,3.945157,-4.209243,-0.293894,0.128944,0.010754,-0.012273,31.032000,6.526000,-0.342000, 10.808819, 0.901489, -1.028758
677.000000,4.318144,-5.233921,1.359932,0.262526,0.019128,-0.007781,31.557000,6.541000,-0.213000, 11.616787, 0.846414, -0.344308
681.000000,4.104937,-4.194835,0.800612,0.325085,0.021837,0.008298,32.076000,6.563000,-0.075000, 12.266458, 0.823980, 0.313106
684.000000,4.871054,-5.509394,0.817076,0.566543,0.031763,0.042891,32.782000,6.577000,0.094000, 12.818076, 0.718633, 0.970413
689.000000,4.733083,-4.823237,0.394991,0.649268,0.020385,0.053051,33.370000,6.534000,0.157000, 13.663910, 0.429008, 1.116461
692.000000,5.546380,-6.024362,0.224550,0.895786,0.003433,0.049287,33.971000,6.466000,0.122000, 13.487566, 0.051687, 0.742091
698.000000,6.002145,-5.659998,-0.701828,1.113026,-0.028145,0.009687,34.762000,6.370000,0.008000, 15.148493, -0.383058, 0.131837
702.000000,5.822647,-6.263123,-0.991976,1.258833,-0.047748,-0.034018,35.405000,6.310000,-0.110000, 13.953753, -0.529273, -0.377082
705.000000,3.826975,-3.799498,-0.522347,0.806721,-0.030263,-0.032176,35.810000,6.296000,-0.163000, 13.778800, -0.516899, -0.549562
708.000000,4.078204,-3.951433,-0.432878,0.916462,-0.028378,-0.048096,36.189000,6.302000,-0.217000, 13.567221, -0.420108, -0.712011
714.000000,0.000000,0.000000,0.000000,0.000000,0.000000,0.000000,36.189000,6.302000,-0.217000, 11.650594, -0.360760, -0.611426
717.000000,3.294894,-3.977450,-0.293469,0.000000,0.000000,0.000000,36.690000,6.314000,-0.243000, 10.698580, -0.218857, -0.560268
720.000000,5.551805,-6.034243,-0.638128,0.170431,-0.003624,-0.012795,37.313000,6.299000,-0.339000, 11.945365, -0.254015, -0.896767
727.000000,4.885064,-5.209213,-0.151390,0.273094,-0.006085,-0.021729,37.836000,6.285000,-0.391000, 12.625450, -0.281297, -1.004552
730.000000,8.434357,-8.502949,0.980677,0.866084,-0.014169,0.011127,38.930000,6.281000,-0.160000, 13.824926, -0.226177, 0.177610
733.000000,4.425262,-4.556924,0.473844,0.559933,-0.006683,0.012438,39.484000,6.287000,-0.121000, 14.353795, -0.171313, 0.318839
736.000000,4.527651,-4.652674,0.216927,0.626957,0.000633,0.012388,39.986000,6.324000,-0.118000, 14.604588, 0.014744, 0.288567
742.000000,0.000000,0.000000,0.000000,0.000000,0.000000,0.000000,39.986000,6.324000,-0.118000, 12.540379, 0.012660, 0.247781
745.000000,6.203479,-6.826476,-0.457649,0.000000,0.000000,0.000000,41.061000,6.417000,-0.152000, 13.705177, 0.389550, 0.044993
750.000000,2.691275,-3.261630,0.322434,0.052104,0.001564,0.000200,41.446000,6.433000,-0.149000, 13.534542, 0.406348, 0.051864
753.000000,1.643599,-2.069784,-0.284800,0.056968,0.002212,-0.000136,41.754000,6.468000,-0.166000, 12.169970, 0.472478, -0.028971
758.000000,0.000000,0.000000,0.000000,0.000000,0.000000,0.000000,41.754000,6.468000,-0.166000, 10.530654, 0.408835, -0.025069
761.000000,5.406696,-6.167581,-1.213724,0.000000,0.000000,0.000000,42.440000,6.543000,-0.332000, 11.334806, 0.643628, -0.718789
764.000000,2.539332,-3.240191,-0.347870,0.050338,0.002815,-0.003604,42.814000,6.562000,-0.377000, 11.434124, 0.639446, -0.818531
770.000000,0.000000,0.000000,0.000000,0.000000,0.000000,0.000000,42.814000,6.562000,-0.377000, 9.775685, 0.546699, -0.699809
773.000000,6.860344,-8.443983,-0.496529,0.000000,0.000000,0.000000,43.956000,6.543000,-0.409000, 11.965636, 0.330546, -0.653272
777.000000,5.043930,-6.213327,-0.310168,0.144742,0.001791,-0.007813,44.521000,6.513000,-0.438000, 12.796179, 0.158300, -0.690713
781.000000,4.663506,-6.011112,-0.634424,0.272780,-0.001636,-0.013505,45.108000,6.464000,-0.456000, 13.583389, -0.081450, -0.672520
786.000000,0.000000,0.000000,0.000000,0.000000,0.000000,0.000000,45.108000,6.464000,-0.456000, 10.852263, -0.065073, -0.537300
789.000000,4.033753,-4.844187,1.063274,0.000000,0.000000,0.000000,45.783000,6.507000,-0.245000, 11.586006, 0.126896, 0.446538
792.000000,3.960445,-4.389804,0.208468,0.116188,0.003551,0.005957,46.402000,6.571000,-0.184000, 12.663391, 0.387030, 0.649261
798.000000,2.588466,-2.740419,0.136779,0.137112,0.005810,0.007338,46.861000,6.619000,-0.154000, 12.962887, 0.549331, 0.693769
802.000000,3.628140,-3.811752,-0.352666,0.260636,0.010431,0.010663,47.326000,6.632000,-0.165000, 11.584403, 0.463624, 0.473937
805.000000,4.010196,-4.095326,-0.132145,0.368539,0.013873,0.005587,47.900000,6.648000,-0.217000, 12.447735, 0.468568, 0.188709
809.000000,4.252492,-4.392741,-0.204201,0.499311,0.013852,-0.006591,48.442000,6.639000,-0.293000, 13.138481, 0.364480, -0.173432
814.000000,4.889026,-4.914055,-0.729428,0.675470,0.010464,-0.032455,49.031000,6.618000,-0.407000, 13.016742, 0.201652, -0.625433
817.000000,5.369772,-6.090415,-1.156075,0.888182,-0.003520,-0.064027,49.507000,6.567000,-0.502000, 12.453163, -0.049358, -0.897723
820.000000,4.076618,-4.548283,-0.148579,0.692973,-0.007128,-0.051851,49.924000,6.547000,-0.540000, 12.587425, -0.129476, -0.941841
825.000000,3.013274,-3.172001,0.369908,0.553818,-0.000948,-0.028475,50.279000,6.567000,-0.502000, 12.428762, -0.021267, -0.639041
830.000000,5.221278,-4.604703,0.556338,0.998053,0.014138,-0.015321,50.825000,6.611000,-0.428000, 12.263448, 0.173719, -0.188252
833.000000,5.589773,-4.928314,-0.571016,1.187061,0.020684,-0.018219,51.477000,6.630000,-0.438000, 12.581003, 0.219221, -0.193090
836.000000,5.933101,-5.843064,0.276130,1.357244,0.025585,-0.015050,51.979000,6.643000,-0.433000, 13.071738, 0.246407, -0.144951
841.000000,5.417428,-4.869250,-0.259227,1.310254,0.024062,-0.008993,52.480000,6.651000,-0.426000, 13.507101, 0.248050, -0.092705
845.000000,6.410189,-5.616078,-0.261596,1.640664,0.027138,-0.026448,53.114000,6.657000,-0.459000, 13.503463, 0.223361, -0.217681
848.000000,7.169256,-5.802454,0.228838,1.940998,0.048207,-0.000190,53.788000,6.695000,-0.418000, 13.669581, 0.339500, -0.001337
853.000000,4.673349,-3.910494,0.201539,1.273456,0.034661,0.021871,54.178000,6.712000,-0.365000, 13.520944, 0.368012, 0.232211
858.000000,5.788927,-5.413252,-0.226797,1.685296,0.038582,0.031383,54.571000,6.710000,-0.354000, 12.489467, 0.285929, 0.232577
861.000000,4.868431,-3.906549,0.498567,1.407221,0.047500,0.051822,54.944000,6.749000,-0.296000, 11.604005, 0.391691, 0.427328
864.000000,3.404534,-2.834570,-0.403916,1.051045,0.038751,0.022725,55.236000,6.767000,-0.325000, 11.311025, 0.417031, 0.244563
870.000000,4.939686,-4.459994,-0.273223,1.577087,0.039243,-0.021629,55.636000,6.751000,-0.407000, 11.481309, 0.285695, -0.157462
873.000000,5.908193,-4.813361,-0.426076,1.879457,0.035410,-0.051147,56.052000,6.746000,-0.447000, 10.283760, 0.193753, -0.279861
878.000000,8.724122,-6.889865,-0.659043,2.862164,0.066045,-0.202636,56.706000,6.770000,-0.585000, 11.706600, 0.270131, -0.828805
881.000000,9.506723,-7.708057,-1.096782,3.321438,0.055709,-0.257873,57.445000,6.768000,-0.658000, 12.486388, 0.209429, -0.969431
884.000000,9.371988,-7.706677,0.020058,3.480319,-0.078972,-0.201593,58.159000,6.653000,-0.650000, 13.838795, -0.314017, -0.801596
889.000000,9.539740,-7.892673,0.557766,3.604592,-0.140730,-0.128737,58.836000,6.583000,-0.615000, 14.948166, -0.583604, -0.533870
894.000000,0.000000,0.000000,0.000000,0.000000,0.000000,0.000000,58.836000,6.583000,-0.615000, 11.921610, -0.465442, -0.425778
897.000000,7.971870,-9.401406,0.403787,0.000000,0.000000,0.000000,60.341000,6.516000,-0.558000, 15.870246, -0.654054, -0.103881
902.000000,3.322821,-4.406544,0.223066,0.084990,-0.002324,0.000243,60.838000,6.546000,-0.527000, 15.892165, -0.434636, 0.045467
905.000000,0.000000,0.000000,0.000000,0.000000,0.000000,0.000000,60.838000,6.546000,-0.527000, 12.737325, -0.348354, 0.036441
911.000000,3.499213,-4.264719,-0.348080,0.000000,0.000000,0.000000,61.420000,6.573000,-0.562000, 13.561479, -0.181892, -0.122669
914.000000,5.171509,-6.207757,-0.443479,0.177259,-0.002369,0.001805,62.103000,6.564000,-0.506000, 12.930365, -0.172785, 0.131699
917.000000,2.572886,-2.986954,0.547831,0.119757,-0.000669,0.002843,62.428000,6.583000,-0.462000, 12.559065, -0.070188, 0.298108
920.000000,0.000000,0.000000,0.000000,0.000000,0.000000,0.000000,62.428000,6.583000,-0.462000, 10.858923, -0.060687, 0.257753
927.000000,3.150285,-3.950942,-1.197039,0.000000,0.000000,0.000000,62.881000,6.628000,-0.593000, 11.386340, 0.151784, -0.372167
930.000000,5.763390,-6.656905,-0.593138,0.270475,0.005467,-0.013503,63.805000,6.661000,-0.675000, 12.227341, 0.247163, -0.610449
933.000000,0.000000,0.000000,0.000000,0.000000,0.000000,0.000000,63.805000,6.661000,-0.675000, 10.610968, 0.214490, -0.529752
939.000000,4.592406,-4.530192,0.006547,0.000000,0.000000,0.000000,64.473000,6.694000,-0.658000, 12.116513, 0.331497, -0.381345
941.000000,4.834864,-5.342144,0.170025,0.220301,0.008084,-0.002616,65.424000,6.750000,-0.625000, 12.868633, 0.472237, -0.152796
945.000000,0.000000,0.000000,0.000000,0.000000,0.000000,0.000000,65.424000,6.750000,-0.625000, 11.997687, 0.440276, -0.142455
948.000000,4.853753,-5.289199,0.316688,0.000000,0.000000,0.000000,66.134000,6.799000,-0.552000, 12.631436, 0.563058, 0.203225
956.000000,3.488600,-3.959756,0.161584,0.089258,0.003820,0.003220,66.655000,6.817000,-0.485000, 13.214619, 0.565515, 0.476736
958.000000,5.982628,-6.578288,-0.157975,0.404372,0.021220,0.005111,67.598000,6.890000,-0.530000, 12.830458, 0.673297, 0.162183
961.000000,0.000000,0.000000,0.000000,0.000000,0.000000,0.000000,67.598000,6.890000,-0.530000, 12.003165, 0.629883, 0.151726
964.000000,1.944588,-2.409160,-0.564499,0.000000,0.000000,0.000000,67.952000,6.887000,-0.620000, 11.922246, 0.529165, -0.271703
969.000000,1.329760,-1.613505,-0.536108,0.018503,0.001086,-0.001314,68.198000,6.933000,-0.744000, 11.298414, 0.662975, -0.802515
973.000000,2.117313,-2.450637,-0.610330,0.059526,0.004497,-0.006642,68.472000,6.988000,-0.857000, 10.165628, 0.768045, -1.134304
977.000000,2.383506,-2.532377,-0.361650,0.105048,0.009481,-0.012249,68.870000,7.052000,-0.913000, 9.867993, 0.890615, -1.150644
984.000000,3.604736,-3.656202,0.806179,0.238162,0.018432,-0.009660,69.446000,7.072000,-0.791000, 11.020896, 0.852958, -0.447001
984.000000,5.328063,-5.523031,0.038380,0.541836,0.046369,0.002882,70.289000,7.161000,-0.692000, 10.958124, 0.937772, 0.058296
989.000000,0.000000,0.000000,0.000000,0.000000,0.000000,0.000000,70.289000,7.161000,-0.692000, 10.958124, 0.937772, 0.058296
994.000000,4.011027,-4.678835,0.086066,0.000000,0.000000,0.000000,70.822000,7.185000,-0.659000, 11.036691, 0.849991, 0.190610
998.000000,7.054377,-7.770136,0.140400,0.341180,0.016870,0.007461,71.846000,7.178000,-0.627000, 13.174076, 0.651388, 0.288078
1002.000000,3.721710,-4.971001,0.156378,0.290207,0.012456,0.007907,72.401000,7.185000,-0.598000, 12.963106, 0.556408, 0.353214
1005.000000,3.324809,-3.804209,0.093756,0.324537,0.012343,0.010102,72.945000,7.193000,-0.571000, 13.519370, 0.514187, 0.420808
1011.000000,3.997621,-4.336295,-0.458889,0.464089,0.014164,0.005811,73.454000,7.189000,-0.613000, 13.921924, 0.424900, 0.174326
1014.000000,2.554604,-3.045510,-0.404553,0.349344,0.010037,-0.003021,73.858000,7.196000,-0.671000, 12.062579, 0.346568, -0.104310
1019.000000,3.751181,-4.029614,-0.459329,0.585082,0.013389,-0.008423,74.401000,7.194000,-0.693000, 12.726384, 0.291221, -0.183216
1022.000000,6.112001,-6.529162,-0.676507,1.101804,-0.017786,-0.024044,75.065000,7.086000,-0.726000, 12.997559, -0.209820, -0.283635
1025.000000,6.117333,-7.073586,-0.414740,1.240868,-0.072815,-0.034271,75.675000,6.939000,-0.758000, 13.889610, -0.815054, -0.383609
1030.000000,4.150087,-4.576567,-0.306717,0.850156,-0.054420,-0.036267,76.140000,6.895000,-0.818000, 14.043800, -0.898968, -0.599105
1033.000000,0.000000,0.000000,0.000000,0.000000,0.000000,0.000000,76.140000,6.895000,-0.818000, 11.197270, -0.716757, -0.477672
1039.000000,3.710726,-4.377591,-0.574634,0.000000,0.000000,0.000000,76.756000,6.935000,-0.904000, 12.402841, -0.437790, -0.796869
1042.000000,6.289233,-7.196045,-0.223301,0.253885,0.000092,-0.013348,77.607000,7.017000,-0.922000, 12.683901, 0.004588, -0.666867
1047.000000,3.493780,-4.295767,-0.391280,0.234215,0.000750,-0.012741,78.108000,7.026000,-0.954000, 13.140402, 0.042098, -0.714834
1050.000000,5.100620,-5.415289,0.106005,0.457518,0.008756,-0.025297,78.790000,7.080000,-0.994000, 13.405904, 0.256563, -0.741231
1053.000000,5.118581,-5.722262,-0.044451,0.585961,0.004724,-0.019918,79.389000,7.055000,-0.957000, 14.196899, 0.114450, -0.482572
1059.000000,4.415308,-4.819718,0.696250,0.618630,0.004543,-0.000695,79.928000,7.057000,-0.868000, 14.640311, 0.107509, -0.016457
1061.000000,4.293470,-4.392290,0.595436,0.663426,0.010013,0.021715,80.461000,7.086000,-0.759000, 13.068544, 0.197240, 0.427763
1067.000000,0.000000,0.000000,0.000000,0.000000,0.000000,0.000000,80.461000,7.086000,-0.759000, 12.178081, 0.183800, 0.398616
1070.000000,6.288939,-7.277002,0.079608,0.000000,0.000000,0.000000,81.469000,7.052000,-0.742000, 13.159608, -0.002001, 0.365545
1073.000000,2.015298,-2.304357,-0.316523,0.029835,0.000257,0.000153,81.767000,7.078000,-0.801000, 12.690062, 0.109300, 0.065184
1077.000000,0.000000,0.000000,0.000000,0.000000,0.000000,0.000000,81.767000,7.078000,-0.801000, 10.941032, 0.094235, 0.056200
1083.000000,2.938380,-3.426722,-0.932927,0.000000,0.000000,0.000000,82.245000,7.113000,-0.943000, 11.526945, 0.240772, -0.602611
1086.000000,6.703216,-7.787055,-0.442786,0.271940,0.005512,-0.015921,83.098000,7.129000,-1.006000, 12.096760, 0.245188, -0.708221
1089.000000,0.000000,0.000000,0.000000,0.000000,0.000000,0.000000,83.098000,7.129000,-1.006000, 10.480701, 0.212433, -0.613607
1094.000000,2.947526,-3.492955,0.122740,0.000000,0.000000,0.000000,83.563000,7.161000,-1.001000, 11.058910, 0.324856, -0.503711
1098.000000,4.011280,-4.641659,0.364454,0.105987,0.005490,-0.001887,84.122000,7.236000,-0.954000, 11.227538, 0.581602, -0.199930
1102.000000,5.197474,-5.631298,0.267437,0.294758,0.015674,-0.001884,84.856000,7.278000,-0.934000, 12.138975, 0.645482, -0.077599
1105.000000,4.063773,-4.925978,0.392973,0.365312,0.015878,0.008726,85.415000,7.279000,-0.848000, 12.881615, 0.559897, 0.307684
1109.000000,2.838486,-3.072124,0.606379,0.293624,0.013823,0.011378,85.843000,7.308000,-0.795000, 13.011230, 0.612535, 0.504173
1114.000000,4.852579,-5.161164,-0.318273,0.584787,0.033925,0.012087,86.428000,7.368000,-0.826000, 12.895984, 0.748126, 0.266552
1117.000000,3.097706,-3.323482,-0.133219,0.428246,0.023897,0.002650,86.848000,7.386000,-0.859000, 12.112780, 0.675905, 0.074959
1125.000000,3.447505,-3.772258,-0.554051,0.523776,0.027334,-0.009283,87.243000,7.398000,-0.923000, 12.198401, 0.636601, -0.216197
1128.000000,5.794297,-5.707042,0.115679,1.024242,0.057283,-0.002941,88.001000,7.449000,-0.891000, 11.472822, 0.641646, -0.032948
1130.000000,3.278621,-3.341305,-0.284350,0.608287,0.032986,-0.012689,88.357000,7.464000,-0.944000, 11.474183, 0.622224, -0.239353
1133.000000,0.000000,0.000000,0.000000,0.000000,0.000000,0.000000,88.357000,7.464000,-0.944000, 10.656621, 0.577889, -0.222298
1139.000000,1.806941,-2.317269,-0.518585,0.000000,0.000000,0.000000,88.677000,7.507000,-0.993000, 10.608893, 0.693508, -0.416378
1142.000000,3.289489,-4.064185,-0.160548,0.062140,0.004078,-0.002335,89.081000,7.534000,-1.005000, 9.519570, 0.624731, -0.357734
1145.000000,4.726024,-5.213684,-0.541755,0.234930,0.014463,-0.009629,89.727000,7.566000,-1.038000, 11.032170, 0.679190, -0.452183
1150.000000,3.721911,-4.637283,0.183522,0.260586,0.014781,-0.007252,90.190000,7.582000,-1.023000, 11.574500, 0.656534, -0.322127
1155.000000,4.429433,-5.614479,0.113385,0.406577,0.023249,-0.007969,90.680000,7.611000,-1.015000, 11.341510, 0.648521, -0.222289
1158.000000,5.422267,-6.143690,0.405937,0.638397,0.035683,0.002049,91.410000,7.649000,-0.963000, 12.165745, 0.679991, 0.039055
1163.000000,5.047624,-5.400988,0.435236,0.736847,0.027030,0.013142,92.071000,7.627000,-0.916000, 13.405931, 0.491776, 0.239107
1167.000000,4.485482,-5.393317,0.439869,0.751945,0.020421,0.021901,92.631000,7.618000,-0.871000, 13.109683, 0.356021, 0.381831
1170.000000,5.140310,-6.016126,-0.108102,0.955200,0.018836,0.025564,93.194000,7.610000,-0.862000, 12.890852, 0.254200, 0.345002
1173.000000,6.521732,-7.125674,-0.380285,1.353519,-0.025456,0.010206,93.837000,7.498000,-0.907000, 13.939178, -0.262160, 0.105106
1180.000000,4.215884,-5.257658,-0.405024,0.936218,-0.025303,-0.006914,94.243000,7.465000,-0.950000, 13.822214, -0.373564, -0.102080
1183.000000,3.591939,-4.222738,-0.802903,0.874389,-0.011351,-0.027272,94.697000,7.495000,-1.025000, 12.140908, -0.157614, -0.378677
1186.000000,5.180219,-4.992382,-0.535093,1.200819,-0.010844,-0.071641,95.234000,7.500000,-1.128000, 12.820680, -0.115778, -0.764881
1191.000000,4.498785,-4.847898,-0.716049,1.178958,-0.011873,-0.104760,95.670000,7.493000,-1.240000, 12.990770, -0.130824, -1.154339
1194.000000,5.966976,-5.912417,-0.383900,1.558813,-0.006683,-0.153076,96.161000,7.505000,-1.311000, 12.481416, -0.053510, -1.225678
1198.000000,0.000000,0.000000,0.000000,0.000000,0.000000,0.000000,96.161000,7.505000,-1.311000, 10.717278, -0.045947, -1.052439
1202.000000,6.705444,-8.151314,0.535251,0.000000,0.000000,0.000000,97.420000,7.517000,-1.147000, 13.997850, 0.014497, -0.142741
1208.000000,2.720678,-3.241787,0.654821,0.059390,0.000543,0.001158,97.862000,7.543000,-1.058000, 13.971533, 0.127803, 0.272427
1211.000000,2.826397,-3.497056,0.232354,0.118364,0.002771,0.005431,98.324000,7.591000,-0.968000, 12.345780, 0.288982, 0.566459
1214.000000,4.230880,-4.851331,0.038007,0.291657,0.012470,0.015888,98.951000,7.667000,-0.912000, 13.376860, 0.571956, 0.728708
1217.000000,4.091788,-4.431835,-0.008192,0.357726,0.011751,0.016008,99.499000,7.659000,-0.913000, 13.902441, 0.456698, 0.622144
1223.000000,3.370352,-4.184489,-0.269061,0.380374,0.010541,0.010080,99.950000,7.658000,-0.949000, 13.993464, 0.387796, 0.370831
1227.000000,4.340852,-5.286711,-0.776434,0.594913,0.012581,-0.002767,100.505000,7.653000,-1.031000, 12.713321, 0.268857, -0.059132
1230.000000,5.643218,-7.129367,-0.237483,0.887725,-0.004143,-0.016412,101.069000,7.584000,-1.077000, 13.384355, -0.062461, -0.247445
1234.000000,3.805493,-4.259280,-0.268692,0.651344,-0.007139,-0.020912,101.494000,7.563000,-1.126000, 13.429182, -0.147198, -0.431150
1241.000000,0.000000,0.000000,0.000000,0.000000,0.000000,0.000000,101.494000,7.563000,-1.126000, 10.723964, -0.117546, -0.344298
1242.000000,6.104008,-7.756883,-1.143095,0.000000,0.000000,0.000000,102.593000,7.630000,-1.359000, 12.424885, 0.173524, -1.173586
1245.000000,0.000000,0.000000,0.000000,0.000000,0.000000,0.000000,102.593000,7.630000,-1.359000, 11.550529, 0.161313, -1.090999
1250.000000,2.918446,-3.908393,-0.172063,0.000000,0.000000,0.000000,103.030000,7.611000,-1.356000, 11.910472, 0.051868, -0.923093
1253.000000,3.577643,-4.682900,0.189119,0.107784,-0.001167,-0.003617,103.598000,7.572000,-1.280000, 11.946375, -0.129391, -0.400872
1258.000000,4.001924,-4.689660,1.037272,0.235719,0.000920,0.003449,104.282000,7.608000,-1.161000, 13.370001, 0.052209, 0.195638
1261.000000,3.570154,-4.326024,0.247815,0.303938,0.001381,0.012320,104.820000,7.612000,-1.076000, 12.976085, 0.058947, 0.525993
1266.000000,4.583148,-5.544744,0.638564,0.471952,0.004113,0.018357,105.361000,7.627000,-1.059000, 13.603778, 0.118542, 0.529134
1270.000000,3.735271,-3.673153,0.300839,0.455830,0.013079,0.017914,105.997000,7.695000,-1.033000, 13.589096, 0.389910, 0.534049
1273.000000,4.107399,-4.394059,-0.499559,0.590459,0.021357,0.005419,106.540000,7.734000,-1.106000, 13.186234, 0.476952, 0.121028
1280.000000,3.782513,-4.411232,-0.568079,0.614753,0.018303,-0.009617,106.963000,7.730000,-1.177000, 13.248713, 0.394453, -0.207257
1283.000000,2.082932,-2.110462,-0.249834,0.338256,0.012672,-0.016399,107.251000,7.760000,-1.273000, 11.075727, 0.414922, -0.536951
1286.000000,4.367054,-5.155295,-0.511584,0.840337,0.036161,-0.063156,107.696000,7.792000,-1.368000, 11.500440, 0.494879, -0.864323
1289.000000,3.318978,-3.592818,-0.351143,0.674778,0.020917,-0.051686,108.097000,7.777000,-1.402000, 11.694521, 0.362509, -0.895761
1295.000000,3.402630,-3.429375,0.449593,0.701996,0.020748,-0.035125,108.476000,7.785000,-1.362000, 11.716048, 0.346279, -0.586220
1298.000000,5.575179,-5.558665,0.605144,1.255050,0.055000,-0.007612,109.076000,7.842000,-1.271000, 11.201637, 0.490884, -0.067939
1302.000000,5.357907,-5.765967,0.651506,1.337154,0.035814,0.015656,109.630000,7.818000,-1.224000, 12.083352, 0.323635, 0.141481
1308.000000,4.864543,-4.532322,0.115651,1.200890,0.018357,0.009828,110.152000,7.799000,-1.228000, 12.681663, 0.193850, 0.103781
1311.000000,6.037290,-5.668680,-0.347016,1.578534,0.048258,-0.001861,110.796000,7.855000,-1.251000, 12.111064, 0.370253, -0.014276
1314.000000,0.000000,0.000000,0.000000,0.000000,0.000000,0.000000,110.796000,7.855000,-1.251000, 10.530109, 0.321921, -0.012413
1319.000000,4.935029,-6.847830,-0.055394,0.000000,0.000000,0.000000,111.500000,7.898000,-1.229000, 12.135201, 0.464915, 0.085533
1323.000000,6.430730,-7.698729,-0.077552,0.297077,0.010777,0.003852,112.456000,7.928000,-1.203000, 13.825185, 0.501512, 0.179279
1328.000000,2.671582,-3.282449,0.221993,0.168634,0.006973,0.001824,112.899000,7.960000,-1.204000, 12.970454, 0.536352, 0.140316
1331.000000,3.522598,-4.587951,-0.454474,0.298841,0.014322,0.000011,113.398000,8.001000,-1.232000, 12.523278, 0.600194, 0.000457
1334.000000,0.000000,0.000000,0.000000,0.000000,0.000000,0.000000,113.398000,8.001000,-1.232000, 10.877222, 0.521304, 0.000397
1339.000000,3.299288,-4.456372,-0.264304,0.000000,0.000000,0.000000,113.884000,8.021000,-1.274000, 11.483980, 0.535902, -0.184419
1342.000000,4.106958,-5.399576,-0.678195,0.139579,0.006744,-0.006588,114.555000,8.057000,-1.373000, 12.041890, 0.581862, -0.568391
1345.000000,0.000000,0.000000,0.000000,0.000000,0.000000,0.000000,114.555000,8.057000,-1.373000, 10.388892, 0.501990, -0.490367
1350.000000,4.293167,-6.130113,-1.017063,0.000000,0.000000,0.000000,115.185000,8.027000,-1.521000, 11.801324, 0.293014, -1.099467
1355.000000,5.030257,-6.479390,-0.062020,0.150505,-0.001374,-0.011147,115.802000,7.949000,-1.526000, 12.075265, -0.110273, -0.894356
1358.000000,3.312039,-4.506329,0.239399,0.181879,-0.002423,-0.010709,116.287000,7.933000,-1.520000, 11.724721, -0.156215, -0.690348
1363.000000,3.032861,-3.511195,0.082434,0.224467,0.002902,-0.009182,116.827000,8.000000,-1.501000, 12.505863, 0.161681, -0.511579
1366.000000,4.405174,-5.035907,0.100373,0.440190,0.010668,-0.014136,117.468000,8.042000,-1.501000, 12.733163, 0.308594, -0.408896
1370.000000,4.175704,-5.208254,0.574329,0.528744,0.011760,-0.000404,118.004000,8.049000,-1.424000, 13.361258, 0.297184, -0.010197
1373.000000,4.721333,-5.410017,0.614516,0.671947,0.017016,0.020919,118.570000,8.071000,-1.327000, 13.095562, 0.331617, 0.407684
1380.000000,3.929665,-4.737734,0.427168,0.631806,0.016460,0.032426,119.075000,8.086000,-1.250000, 13.537329, 0.352671, 0.694776
1383.000000,5.421460,-6.124078,0.523586,0.983356,0.019458,0.081286,119.719000,8.083000,-1.118000, 12.697424, 0.251255, 1.049592
1386.000000,4.387923,-4.944122,-0.092517,0.854636,0.009612,0.050397,120.193000,8.066000,-1.152000, 13.036678, 0.146630, 0.768762
1391.000000,2.372364,-2.327724,-0.386317,0.488110,0.006210,0.013654,120.525000,8.074000,-1.222000, 12.719197, 0.161833, 0.355801
1395.000000,2.693149,-2.816565,-0.420748,0.582432,0.015293,-0.011619,120.891000,8.116000,-1.344000, 11.733524, 0.308083, -0.234077
1398.000000,4.617102,-4.895024,-0.904424,1.075731,0.024794,-0.059729,121.426000,8.121000,-1.455000, 11.665375, 0.268871, -0.647704
1402.000000,5.802400,-6.007394,-0.167539,1.430101,0.014072,-0.076182,121.919000,8.095000,-1.476000, 12.233561, 0.120373, -0.651688
1408.000000,4.936785,-4.702845,-0.080534,1.233849,0.006469,-0.060945,122.447000,8.087000,-1.493000, 12.844462, 0.067340, -0.634443
1409.000000,5.803250,-5.561773,0.113365,1.557079,0.030936,-0.084127,123.113000,8.135000,-1.540000, 12.316872, 0.244712, -0.665464
1416.000000,0.000000,0.000000,0.000000,0.000000,0.000000,0.000000,123.113000,8.135000,-1.540000, 11.423623, 0.226965, -0.617203
1419.000000,7.004437,-9.156317,0.023202,0.000000,0.000000,0.000000,124.383000,8.163000,-1.531000, 13.719140, 0.283882, -0.424049
1422.000000,2.496787,-3.122528,0.001962,0.052159,0.001479,-0.000872,124.830000,8.197000,-1.499000, 13.812039, 0.391730, -0.230838
1428.000000,4.019698,-5.646261,-0.082995,0.189181,0.005962,-0.000454,125.356000,8.222000,-1.462000, 14.184599, 0.447004, -0.034006
1430.000000,4.703280,-5.598992,0.537800,0.350595,0.013608,0.009495,126.017000,8.267000,-1.366000, 13.306447, 0.516493, 0.360391
1434.000000,0.000000,0.000000,0.000000,0.000000,0.000000,0.000000,126.017000,8.267000,-1.366000, 12.347463, 0.479270, 0.334418
1441.000000,5.507602,-7.565461,0.241161,0.000000,0.000000,0.000000,126.979000,8.209000,-1.363000, 14.000720, 0.130461, 0.279329
1442.000000,4.120107,-7.031569,-0.709800,0.153176,-0.002625,-0.001361,127.632000,8.127000,-1.446000, 13.151373, -0.225356, -0.116892
1445.000000,0.000000,0.000000,0.000000,0.000000,0.000000,0.000000,127.632000,8.127000,-1.446000, 12.218982, -0.209379, -0.108604
1453.000000,2.617431,-4.336186,-0.484221,0.000000,0.000000,0.000000,128.077000,8.089000,-1.540000, 12.522846, -0.353984, -0.524546
1455.000000,3.678961,-4.697828,-0.716224,0.146619,-0.000283,-0.012872,128.866000,8.147000,-1.713000, 11.796290, -0.022744, -1.035603
1458.000000,0.000000,0.000000,0.000000,0.000000,0.000000,0.000000,128.866000,8.147000,-1.713000, 10.975829, -0.021162, -0.963574
1463.000000,2.847746,-4.297772,-0.462992,0.000000,0.000000,0.000000,129.355000,8.168000,-1.803000, 11.647348, 0.076603, -1.235024
1467.000000,3.263112,-4.202339,-0.291842,0.076944,0.001341,-0.007123,129.860000,8.200000,-1.821000, 11.463248, 0.199840, -1.061248
1470.000000,3.275615,-4.283992,0.262015,0.167352,0.005648,-0.007292,130.461700,8.256000,-1.740000, 11.727819, 0.395796, -0.510983
1473.000000,3.467517,-4.387837,0.860953,0.282653,0.006939,0.002283,131.042300,8.249000,-1.616000, 12.679843, 0.311271, 0.102419
1480.000000,2.673968,-3.089702,0.100873,0.251980,0.008267,0.008052,131.506500,8.284000,-1.544000, 13.003432, 0.426606, 0.415545
1483.000000,2.872116,-3.075360,0.320046,0.322621,0.013007,0.019872,131.958500,8.320000,-1.446000, 11.504769, 0.463842, 0.708656
1486.000000,3.080236,-3.108032,0.131662,0.403760,0.019960,0.023932,132.539300,8.370000,-1.417000, 12.462999, 0.616118, 0.738716
1492.000000,3.620915,-3.704233,0.173951,0.552077,0.023104,0.014371,133.048700,8.373000,-1.484000, 13.010542, 0.544476, 0.338672
1495.000000,4.101158,-3.972923,-0.496343,0.721417,0.028056,-0.004809,133.772900,8.394000,-1.568000, 12.627319, 0.491078, -0.084181
1498.000000,0.000000,0.000000,0.000000,0.000000,0.000000,0.000000,133.772900,8.394000,-1.568000, 10.977744, 0.426926, -0.073184
1502.000000,3.503789,-5.034018,-0.565511,0.000000,0.000000,0.000000,134.305100,8.379000,-1.617000, 11.821129, 0.302830, -0.278575
1509.000000,3.826734,-4.917111,-0.081453,0.101996,-0.000365,-0.002335,134.851500,8.312000,-1.628000, 12.583852, -0.045090, -0.288037
1509.000000,4.148883,-4.449209,0.132306,0.250121,0.003767,-0.004799,135.659600,8.367000,-1.635000, 11.918176, 0.179502, -0.228674
1516.000000,4.148883,-4.449209,0.132306,0.250121,0.003767,-0.004799,135.659600,8.367000,-1.635000, 11.918176, 0.179502, -0.228674
1520.000000,2.781331,-3.111209,-0.482654,0.230370,0.008686,-0.007712,136.184200,8.435000,-1.683000, 11.027730, 0.415779, -0.369192
1522.000000,4.767422,-5.040382,-0.435243,0.568075,0.028521,-0.020701,137.130600,8.510000,-1.724000, 12.765595, 0.640913, -0.465191
1527.000000,0.000000,0.000000,0.000000,0.000000,0.000000,0.000000,137.130600,8.510000,-1.724000, 11.837207, 0.594302, -0.431360
1530.000000,3.891205,-4.840730,0.295228,0.000000,0.000000,0.000000,137.857700,8.534000,-1.729000, 12.582199, 0.577146, -0.364720
1536.000000,3.431101,-4.263632,-0.311781,0.089624,0.003414,-0.001231,138.397700,8.536000,-1.700000, 13.261288, 0.505178, -0.182184
1539.000000,3.019399,-3.961990,0.536460,0.154012,0.004329,0.001507,138.903400,8.526000,-1.638000, 11.968758, 0.336430, 0.117142
1544.000000,2.263480,-2.560659,0.413973,0.155779,0.005468,0.003854,139.416900,8.561000,-1.589000, 12.524573, 0.439647, 0.309873
1547.000000,2.987531,-3.320716,0.057247,0.271363,0.010100,0.009165,139.950000,8.586000,-1.549000, 12.345610, 0.459511, 0.416950
1550.000000,3.220595,-3.872906,-0.518177,0.363546,0.011827,0.002381,140.396600,8.589000,-1.613000, 12.568608, 0.408870, 0.082316
1556.000000,2.596543,-3.101567,-0.377431,0.320165,0.011439,-0.002794,140.769100,8.610000,-1.653000, 12.491602, 0.446301, -0.109006
1559.000000,3.739772,-4.375088,-0.318503,0.554442,0.016288,-0.021100,141.334500,8.612000,-1.742000, 11.642342, 0.342030, -0.443064
1563.000000,4.264267,-4.686173,-0.036383,0.704020,0.005709,-0.033276,141.887500,8.566000,-1.790000, 12.407314, 0.100619, -0.586447
1567.000000,3.281508,-3.120531,0.024007,0.562767,0.003431,-0.030038,142.359500,8.564000,-1.830000, 12.793323, 0.078003, -0.682847
1572.000000,3.090197,-3.273299,-0.153653,0.564290,0.006734,-0.019828,142.778900,8.583000,-1.801000, 12.017537, 0.143406, -0.422268
1575.000000,3.579326,-3.468908,0.091809,0.736303,0.020072,-0.030802,143.337700,8.634000,-1.840000, 11.992557, 0.326931, -0.501688
1578.000000,0.000000,0.000000,0.000000,0.000000,0.000000,0.000000,143.337700,8.634000,-1.840000, 10.381236, 0.283004, -0.434281
1584.000000,3.674038,-4.675221,-0.238138,0.000000,0.000000,0.000000,144.011800,8.678000,-1.863000, 11.967550, 0.441630, -0.477227
1586.000000,5.027364,-5.893331,0.356232,0.309178,0.008147,-0.001230,145.272600,8.688000,-1.789000, 14.020266, 0.369448, -0.055764
1592.000000,0.000000,0.000000,0.000000,0.000000,0.000000,0.000000,145.272600,8.688000,-1.789000, 13.062092, 0.344199, -0.051953
1595.000000,5.363454,-6.521119,0.515724,0.000000,0.000000,0.000000,146.585100,8.632000,-1.751000, 15.062306, 0.026819, 0.116668
1598.000000,2.625145,-3.910826,-0.294772,0.072332,-0.000396,-0.000027,147.109400,8.607000,-1.776000, 15.307778, -0.083710, -0.005779
1602.000000,0.000000,0.000000,0.000000,0.000000,0.000000,0.000000,147.109400,8.607000,-1.776000, 13.194447, -0.072153, -0.004981
1608.000000,2.147237,-2.899936,-0.146076,0.000000,0.000000,0.000000,147.593100,8.622000,-1.790000, 13.476506, 0.007260, -0.068481
1611.000000,4.140202,-5.550350,0.112113,0.172760,-0.001410,-0.001762,148.431400,8.594000,-1.811000, 13.487874, -0.110057, -0.137569
1614.000000,1.254176,-1.708086,-0.447550,0.072165,0.000141,-0.002097,148.738700,8.622000,-1.871000, 13.009841, 0.025435, -0.377980
1619.000000,0.000000,0.000000,0.000000,0.000000,0.000000,0.000000,148.738700,8.622000,-1.871000, 11.151251, 0.021802, -0.323982
1623.000000,1.334761,-1.623366,-0.132674,0.000000,0.000000,0.000000,149.121500,8.673000,-1.877000, 10.589025, 0.237769, -0.285524
1627.000000,2.330307,-2.622573,0.238191,0.062658,0.002194,-0.000842,149.677900,8.718000,-1.857000, 10.834984, 0.379460, -0.145530
1630.000000,1.688837,-2.215496,-0.017247,0.076093,0.003199,-0.001577,150.081600,8.750000,-1.881000, 11.083049, 0.465909, -0.229740
1636.000000,2.460098,-3.053432,0.168187,0.164578,0.006864,-0.001498,150.577700,8.770000,-1.861000, 11.772498, 0.491027, -0.107143
1639.000000,3.509862,-4.067693,-0.400016,0.312175,0.015910,-0.006210,151.167000,8.820000,-1.896000, 11.199138, 0.570780, -0.222786
1650.000000,3.172100,-3.276006,0.246413,0.378351,0.021744,0.001227,151.901400,8.877000,-1.841000, 12.798747, 0.735557, 0.041509
1650.000000,5.391058,-6.037973,0.474452,0.902197,0.050357,0.021240,153.193600,8.945000,-1.760000, 12.460023, 0.695463, 0.293339
1652.000000,5.391058,-6.037973,0.474452,0.902197,0.050357,0.021240,153.193600,8.945000,-1.760000, 12.460023, 0.695463, 0.293339
1655.000000,4.023785,-4.181865,-0.602990,0.783139,0.064863,-0.029116,154.146300,9.094000,-1.953000, 15.818979, 1.310203, -0.588127
1658.000000,0.469998,-0.275301,-0.108414,0.087770,0.013475,-0.005108,154.545400,9.363000,-2.038000, 15.397787, 2.363936, -0.896187
1663.000000,0.000000,0.000000,0.000000,0.000000,0.000000,0.000000,154.135100,9.987000,-1.868000, 11.180880, 4.980254, 0.043423
1666.000000,0.000000,0.000000,0.000000,0.000000,0.000000,0.000000,153.399500,10.939000,-1.584000, 5.482845, 8.224069, 1.317399
1670.000000,0.000000,0.000000,0.000000,0.000000,0.000000,0.000000,153.399500,10.939000,-1.584000, 4.689676, 7.034344, 1.126819
1675.000000,0.000000,0.000000,0.000000,0.000000,0.000000,0.000000,152.867000,11.777000,-1.479000, 1.335432, 9.294754, 1.358656
1680.000000,0.000000,0.000000,0.000000,0.000000,0.000000,0.000000,152.549100,12.786000,-1.201000, -0.299069, 11.751437, 2.278144
1683.000000,0.000000,0.000000,0.000000,0.000000,0.000000,0.000000,152.399500,13.277000,-0.988000, -0.864133, 11.495813, 2.719741
1688.000000,0.000000,0.000000,0.000000,0.000000,0.000000,0.000000,152.399500,13.277000,-0.988000, -0.747487, 9.944038, 2.352614
1691.000000,0.000000,0.000000,0.000000,0.000000,0.000000,0.000000,152.239400,14.418000,-0.809000, -1.274357, 12.784088, 2.641105
1695.000000,0.000000,0.000000,0.000000,0.000000,0.000000,0.000000,152.237200,14.877000,-0.743000, -1.110329, 13.059747, 2.571307
1700.000000,0.000000,0.000000,0.000000,0.000000,0.000000,0.000000,152.195000,15.354000,-0.666000, -1.067901, 12.478448, 2.384982
1703.000000,0.000000,0.000000,0.000000,0.000000,0.000000,0.000000,152.173600,16.051000,-0.775000, -0.948882, 12.935289, 1.471016
1708.000000,0.000000,0.000000,0.000000,0.000000,0.000000,0.000000,152.295200,16.442000,-0.954000, -0.296089, 12.892089, 0.500132
1711.000000,0.000000,0.000000,0.000000,0.000000,0.000000,0.000000,152.397700,16.834000,-1.156000, 0.191858, 11.995431, -0.445054
1714.000000,0.000000,0.000000,0.000000,0.000000,0.000000,0.000000,152.426900,17.258000,-1.331000, 0.293581, 12.223536, -1.150275
1719.000000,0.000000,0.000000,0.000000,0.000000,0.000000,0.000000,152.380900,17.696000,-1.477000, 0.043272, 12.435221, -1.643671
1723.000000,0.000000,0.000000,0.000000,0.000000,0.000000,0.000000,152.183700,18.298000,-1.578000, -0.825508, 12.565979, -1.754416
1727.000000,0.000000,0.000000,0.000000,0.000000,0.000000,0.000000,151.995700,18.942000,-1.696000, -1.455375, 12.791408, -1.904462
1731.000000,0.000000,0.000000,0.000000,0.000000,0.000000,0.000000,151.986200,19.377000,-1.768000, -1.292901, 12.903933, -1.952922
1736.000000,0.000000,0.000000,0.000000,0.000000,0.000000,0.000000,151.891700,19.836000,-1.805000, -1.441974, 12.331157, -1.728059
1739.000000,0.000000,0.000000,0.000000,0.000000,0.000000,0.000000,151.774500,20.485000,-1.823000, -1.646568, 12.618572, -1.466377
1742.000000,0.000000,0.000000,0.000000,0.000000,0.000000,0.000000,151.764300,20.935000,-1.785000, -1.463478, 12.817673, -1.100439
1748.000000,0.000000,0.000000,0.000000,0.000000,0.000000,0.000000,151.816600,21.401000,-1.724000, -1.025884, 13.125264, -0.674289
1752.000000,0.000000,0.000000,0.000000,0.000000,0.000000,0.000000,151.834700,22.052000,-1.729000, -0.694880, 12.465862, -0.525180
1755.000000,0.000000,0.000000,0.000000,0.000000,0.000000,0.000000,151.943600,22.504000,-1.717000, -0.140211, 12.690428, -0.403340
1758.000000,0.000000,0.000000,0.000000,0.000000,0.000000,0.000000,152.012600,22.968000,-1.679000, 0.183193, 13.001707, -0.180657
1766.000000,0.000000,0.000000,0.000000,0.000000,0.000000,0.000000,152.012600,22.968000,-1.679000, 0.157241, 11.159792, -0.155064
1767.000000,0.000000,0.000000,0.000000,0.000000,0.000000,0.000000,152.244600,24.062000,-1.616000, 1.004919, 12.022133, 0.134632
1772.000000,0.000000,0.000000,0.000000,0.000000,0.000000,0.000000,152.257800,24.497000,-1.626000, 0.992440, 13.074026, 0.081943
1775.000000,0.000000,0.000000,0.000000,0.000000,0.000000,0.000000,152.257800,24.497000,-1.626000, 0.796483, 10.492572, 0.065763
1780.000000,0.000000,0.000000,0.000000,0.000000,0.000000,0.000000,152.310200,25.130000,-1.655000, 0.917944, 11.841486, -0.070292
1784.000000,0.000000,0.000000,0.000000,0.000000,0.000000,0.000000,152.333000,25.739000,-1.658000, 0.831718, 12.063799, -0.069005
1786.000000,0.000000,0.000000,0.000000,0.000000,0.000000,0.000000,152.357400,26.586000,-1.594000, 0.771109, 13.218981, 0.208416
1792.000000,0.000000,0.000000,0.000000,0.000000,0.000000,0.000000,152.357400,26.586000,-1.594000, 0.717494, 12.299870, 0.193925
1795.000000,0.000000,0.000000,0.000000,0.000000,0.000000,0.000000,152.275500,27.200000,-1.651000, 0.191547, 11.634101, -0.092496
1798.000000,0.000000,0.000000,0.000000,0.000000,0.000000,0.000000,152.277200,27.638000,-1.703000, 0.173211, 11.968722, -0.305066
1803.000000,0.000000,0.000000,0.000000,0.000000,0.000000,0.000000,152.213100,28.082000,-1.684000, -0.139128, 12.296798, -0.177122
1809.000000,0.000000,0.000000,0.000000,0.000000,0.000000,0.000000,152.130000,28.775000,-1.754000, -0.470278, 12.794428, -0.443887
1811.000000,0.000000,0.000000,0.000000,0.000000,0.000000,0.000000,152.076100,29.242000,-1.802000, -0.565663, 11.462044, -0.522620
1816.000000,0.000000,0.000000,0.000000,0.000000,0.000000,0.000000,152.058100,29.709000,-1.839000, -0.607814, 12.769164, -0.651799
1820.000000,0.000000,0.000000,0.000000,0.000000,0.000000,0.000000,152.029700,30.394000,-1.780000, -0.607099, 13.131847, -0.268661
1822.000000,0.000000,0.000000,0.000000,0.000000,0.000000,0.000000,152.081500,30.842000,-1.691000, -0.273414, 12.429048, 0.153472
1828.000000,0.000000,0.000000,0.000000,0.000000,0.000000,0.000000,152.135200,31.285000,-1.596000, -0.003772, 13.562574, 0.583158
1831.000000,0.000000,0.000000,0.000000,0.000000,0.000000,0.000000,152.212700,31.950000,-1.427000, 0.319626, 12.830859, 1.135832
1834.000000,0.000000,0.000000,0.000000,0.000000,0.000000,0.000000,152.293100,32.394000,-1.373000, 0.626029, 13.031863, 1.217502
1841.000000,0.000000,0.000000,0.000000,0.000000,0.000000,0.000000,152.322200,32.860000,-1.361000, 0.666775, 13.251973, 1.096349
1844.000000,0.000000,0.000000,0.000000,0.000000,0.000000,0.000000,152.302000,33.479000,-1.390000, 0.416905, 12.429269, 0.702608
1848.000000,0.000000,0.000000,0.000000,0.000000,0.000000,0.000000,152.287600,33.921000,-1.435000, 0.300616, 12.670549, 0.418394
1852.000000,0.000000,0.000000,0.000000,0.000000,0.000000,0.000000,152.159600,34.364000,-1.480000, -0.287692, 12.039247, 0.150731
1856.000000,0.000000,0.000000,0.000000,0.000000,0.000000,0.000000,152.042500,34.799000,-1.528000, -0.752603, 12.253593, -0.076883
1859.000000,0.000000,0.000000,0.000000,0.000000,0.000000,0.000000,151.904700,35.419000,-1.598000, -1.185779, 12.490100, -0.355913
1864.000000,0.000000,0.000000,0.000000,0.000000,0.000000,0.000000,151.904700,35.419000,-1.598000, -1.020271, 10.746762, -0.306235
1867.000000,0.000000,0.000000,0.000000,0.000000,0.000000,0.000000,151.695000,36.514000,-1.778000, -1.703134, 13.237204, -1.005393
1870.000000,0.000000,0.000000,0.000000,0.000000,0.000000,0.000000,151.695000,36.514000,-1.778000, -1.470714, 11.430779, -0.868191
1877.000000,0.000000,0.000000,0.000000,0.000000,0.000000,0.000000,151.610600,37.202000,-1.880000, -1.647816, 12.953390, -1.210851
1878.000000,0.000000,0.000000,0.000000,0.000000,0.000000,0.000000,151.722300,38.115000,-1.819000, -0.766275, 13.349903, -0.649300
1883.000000,0.000000,0.000000,0.000000,0.000000,0.000000,0.000000,151.722300,38.115000,-1.819000, -0.713419, 12.429060, -0.604513
1886.000000,0.000000,0.000000,0.000000,0.000000,0.000000,0.000000,151.806100,38.752000,-1.562000, -0.196756, 12.661714, 0.652293
1892.000000,0.000000,0.000000,0.000000,0.000000,0.000000,0.000000,151.894500,39.175000,-1.369000, 0.234611, 12.800879, 1.440987
1895.000000,0.000000,0.000000,0.000000,0.000000,0.000000,0.000000,151.940700,40.083000,-1.410000, 0.363156, 13.216323, 0.901834
1898.000000,0.000000,0.000000,0.000000,0.000000,0.000000,0.000000,151.940700,40.083000,-1.410000, 0.314927, 11.461110, 0.782065
1905.000000,0.000000,0.000000,0.000000,0.000000,0.000000,0.000000,151.940700,40.732000,-1.450000, 0.271403, 12.770478, 0.495659
1908.000000,0.000000,0.000000,0.000000,0.000000,0.000000,0.000000,151.933300,41.363000,-1.468000, 0.172923, 12.072872, 0.297775
1911.000000,0.000000,0.000000,0.000000,0.000000,0.000000,0.000000,151.932900,41.792000,-1.446000, 0.148619, 12.303830, 0.351649
1916.000000,0.000000,0.000000,0.000000,0.000000,0.000000,0.000000,151.846800,42.271000,-1.414000, -0.250466, 12.733158, 0.444478
1920.000000,0.000000,0.000000,0.000000,0.000000,0.000000,0.000000,151.694400,42.955000,-1.339000, -0.848296, 13.096808, 0.674505
1923.000000,0.000000,0.000000,0.000000,0.000000,0.000000,0.000000,151.683400,43.387000,-1.316000, -0.728905, 12.337736, 0.638519
1928.000000,0.000000,0.000000,0.000000,0.000000,0.000000,0.000000,151.699000,43.815000,-1.354000, -0.563737, 12.534619, 0.388605
1931.000000,0.000000,0.000000,0.000000,0.000000,0.000000,0.000000,151.625500,44.468000,-1.409000, -0.760806, 12.802411, 0.081439
1934.000000,0.000000,0.000000,0.000000,0.000000,0.000000,0.000000,151.680700,44.879000,-1.448000, -0.416059, 12.864220, -0.100264
1939.000000,0.000000,0.000000,0.000000,0.000000,0.000000,0.000000,151.744100,45.288000,-1.498000, -0.069344, 12.852220, -0.311743
1942.000000,0.000000,0.000000,0.000000,0.000000,0.000000,0.000000,151.744100,45.288000,-1.498000, -0.055189, 10.228611, -0.248105
1948.000000,0.000000,0.000000,0.000000,0.000000,0.000000,0.000000,151.673100,45.937000,-1.534000, -0.367761, 11.725916, -0.375809
1953.000000,0.000000,0.000000,0.000000,0.000000,0.000000,0.000000,151.680300,47.021000,-1.579000, -0.245597, 13.179583, -0.464170
1956.000000,0.000000,0.000000,0.000000,0.000000,0.000000,0.000000,151.686000,47.484000,-1.610000, -0.176730, 12.554772, -0.500851
1961.000000,0.000000,0.000000,0.000000,0.000000,0.000000,0.000000,151.686000,47.484000,-1.610000, -0.153745, 10.921921, -0.435711
1966.000000,0.000000,0.000000,0.000000,0.000000,0.000000,0.000000,151.705100,48.629000,-1.357000, -0.046026, 13.506538, 0.683287
1967.000000,0.000000,0.000000,0.000000,0.000000,0.000000,0.000000,151.734300,49.109000,-1.338000, 0.079729, 12.885816, 0.630703
1970.000000,0.000000,0.000000,0.000000,0.000000,0.000000,0.000000,151.734300,49.109000,-1.338000, 0.073997, 11.959370, 0.585357
1975.000000,0.000000,0.000000,0.000000,0.000000,0.000000,0.000000,151.740400,49.651000,-1.361000, 0.091675, 12.754816, 0.394247
1980.000000,0.000000,0.000000,0.000000,0.000000,0.000000,0.000000,151.746900,50.151000,-1.398000, 0.101401, 12.313293, 0.147780
1983.000000,0.000000,0.000000,0.000000,0.000000,0.000000,0.000000,151.734600,50.785000,-1.412000, 0.028341, 12.549930, 0.058111
1988.000000,0.000000,0.000000,0.000000,0.000000,0.000000,0.000000,151.762700,51.235000,-1.368000, 0.149623, 12.821496, 0.246122
1992.000000,0.000000,0.000000,0.000000,0.000000,0.000000,0.000000,151.767400,51.673000,-1.337000, 0.139608, 12.114643, 0.329566
1997.000000,0.000000,0.000000,0.000000,0.000000,0.000000,0.000000,151.580200,52.581000,-1.363000, -0.668203, 13.526349, 0.156592
1998.000000,0.000000,0.000000,0.000000,0.000000,0.000000,0.000000,151.470900,53.061000,-1.433000, -0.985308, 12.892344, -0.158337
2005.000000,0.000000,0.000000,0.000000,0.000000,0.000000,0.000000,151.470900,53.061000,-1.433000, -0.917645, 12.007007, -0.147464
2008.000000,0.000000,0.000000,0.000000,0.000000,0.000000,0.000000,151.362300,54.093000,-1.469000, -1.125883, 13.136828, -0.256977
2013.000000,0.000000,0.000000,0.000000,0.000000,0.000000,0.000000,151.353700,54.532000,-1.376000, -1.012990, 13.273139, 0.176384
2014.000000,0.000000,0.000000,0.000000,0.000000,0.000000,0.000000,151.353700,54.532000,-1.376000, -0.814570, 10.673256, 0.141834
2020.000000,0.000000,0.000000,0.000000,0.000000,0.000000,0.000000,151.283400,55.147000,-1.344000, -1.086340, 12.801793, 0.281611
2023.000000,0.000000,0.000000,0.000000,0.000000,0.000000,0.000000,151.243400,56.054000,-1.415000, -0.967838, 13.220505, -0.088160
2027.000000,0.000000,0.000000,0.000000,0.000000,0.000000,0.000000,151.243400,56.054000,-1.415000, -0.837248, 11.436675, -0.076264
2031.000000,0.000000,0.000000,0.000000,0.000000,0.000000,0.000000,151.279600,56.730000,-1.435000, -0.556348, 12.889485, -0.155967
2036.000000,0.000000,0.000000,0.000000,0.000000,0.000000,0.000000,151.341400,57.188000,-1.461000, -0.174374, 12.247540, -0.237052
2039.000000,0.000000,0.000000,0.000000,0.000000,0.000000,0.000000,151.449600,58.050000,-1.475000, 0.315339, 13.452371, -0.249079
2042.000000,0.000000,0.000000,0.000000,0.000000,0.000000,0.000000,151.449600,58.050000,-1.475000, 0.272434, 11.622019, -0.215189
2048.000000,0.000000,0.000000,0.000000,0.000000,0.000000,0.000000,151.463800,58.716000,-1.425000, 0.297275, 12.954660, 0.042580
2053.000000,0.000000,0.000000,0.000000,0.000000,0.000000,0.000000,151.676600,59.558000,-1.299000, 1.091385, 13.113226, 0.546578
2055.000000,0.000000,0.000000,0.000000,0.000000,0.000000,0.000000,151.694600,60.018000,-1.306000, 0.958046, 12.487196, 0.415666
2061.000000,0.000000,0.000000,0.000000,0.000000,0.000000,0.000000,151.694600,60.018000,-1.306000, 0.889244, 11.590424, 0.385814
2064.000000,0.000000,0.000000,0.000000,0.000000,0.000000,0.000000,151.691400,61.079000,-1.348000, 0.652607, 12.979396, 0.118398
2067.000000,0.000000,0.000000,0.000000,0.000000,0.000000,0.000000,151.691200,61.499000,-1.346000, 0.565722, 13.054407, 0.111295
2072.000000,0.000000,0.000000,0.000000,0.000000,0.000000,0.000000,151.677500,61.909000,-1.300000, 0.425460, 13.020266, 0.298463
2077.000000,0.000000,0.000000,0.000000,0.000000,0.000000,0.000000,151.600300,62.384000,-1.262000, 0.011465, 12.436937, 0.400569
2078.000000,0.000000,0.000000,0.000000,0.000000,0.000000,0.000000,151.552600,62.834000,-1.232000, -0.189120, 11.929107, 0.448706
2083.000000,0.000000,0.000000,0.000000,0.000000,0.000000,0.000000,151.536100,63.250000,-1.223000, -0.251757, 12.975674, 0.457170
2088.000000,0.000000,0.000000,0.000000,0.000000,0.000000,0.000000,151.535200,63.680000,-1.200000, -0.203200, 12.176848, 0.463890
2092.000000,0.000000,0.000000,0.000000,0.000000,0.000000,0.000000,151.511000,64.295000,-1.181000, -0.265950, 12.359697, 0.451885
2095.000000,0.000000,0.000000,0.000000,0.000000,0.000000,0.000000,151.475500,64.910000,-1.241000, -0.361648, 12.501553, 0.113873
2098.000000,0.000000,0.000000,0.000000,0.000000,0.000000,0.000000,151.384400,65.360000,-1.292000, -0.708927, 12.773033, -0.123170
2105.000000,0.000000,0.000000,0.000000,0.000000,0.000000,0.000000,151.301300,65.774000,-1.351000, -0.984864, 12.854456, -0.372285
2108.000000,0.000000,0.000000,0.000000,0.000000,0.000000,0.000000,151.278500,66.210000,-1.435000, -0.825615, 11.337575, -0.617960
2111.000000,0.000000,0.000000,0.000000,0.000000,0.000000,0.000000,151.269400,66.884000,-1.506000, -0.755457, 12.709496, -0.838479
2116.000000,0.000000,0.000000,0.000000,0.000000,0.000000,0.000000,151.300000,67.332000,-1.546000, -0.516114, 12.948779, -0.900540
2120.000000,0.000000,0.000000,0.000000,0.000000,0.000000,0.000000,151.350300,67.808000,-1.506000, -0.197376, 12.381935, -0.548593
2123.000000,0.000000,0.000000,0.000000,0.000000,0.000000,0.000000,151.403900,68.448000,-1.366000, 0.063829, 12.623085, 0.140113
2127.000000,0.000000,0.000000,0.000000,0.000000,0.000000,0.000000,151.437700,68.857000,-1.234000, 0.201970, 12.699856, 0.694290
2133.000000,0.000000,0.000000,0.000000,0.000000,0.000000,0.000000,151.502500,69.305000,-1.058000, 0.465934, 12.944725, 1.390858
2136.000000,0.000000,0.000000,0.000000,0.000000,0.000000,0.000000,151.636000,69.948000,-0.953000, 0.888159, 12.245310, 1.461303
2139.000000,0.000000,0.000000,0.000000,0.000000,0.000000,0.000000,151.757700,70.407000,-0.966000, 1.288404, 12.582770, 1.213505
2144.000000,0.000000,0.000000,0.000000,0.000000,0.000000,0.000000,151.762400,70.850000,-1.025000, 1.132365, 12.817153, 0.785694
2148.000000,0.000000,0.000000,0.000000,0.000000,0.000000,0.000000,151.695600,71.319000,-1.084000, 0.619531, 12.247127, 0.375808
2152.000000,0.000000,0.000000,0.000000,0.000000,0.000000,0.000000,151.608600,71.970000,-1.122000, 0.137350, 12.560164, 0.144667
2155.000000,0.000000,0.000000,0.000000,0.000000,0.000000,0.000000,151.500300,72.440000,-1.167000, -0.351106, 12.910087, -0.070077
2161.000000,0.000000,0.000000,0.000000,0.000000,0.000000,0.000000,151.500300,72.440000,-1.167000, -0.300686, 11.056169, -0.060013
2164.000000,0.000000,0.000000,0.000000,0.000000,0.000000,0.000000,151.219600,73.568000,-1.293000, -1.363605, 12.851043, -0.555984
2169.000000,0.000000,0.000000,0.000000,0.000000,0.000000,0.000000,151.173800,74.003000,-1.315000, -1.378607, 13.006745, -0.576243
2173.000000,0.000000,0.000000,0.000000,0.000000,0.000000,0.000000,151.136500,74.469000,-1.330000, -1.264883, 12.405679, -0.526263
2177.000000,0.000000,0.000000,0.000000,0.000000,0.000000,0.000000,151.139200,74.904000,-1.320000, -1.013490, 11.806752, -0.385764
2181.000000,0.000000,0.000000,0.000000,0.000000,0.000000,0.000000,151.098300,75.355000,-1.339000, -1.053712, 12.167282, -0.415633
2183.000000,0.000000,0.000000,0.000000,0.000000,0.000000,0.000000,151.020000,76.023000,-1.322000, -1.172507, 12.564171, -0.264805
2189.000000,0.000000,0.000000,0.000000,0.000000,0.000000,0.000000,151.020000,76.023000,-1.322000, -1.085897, 11.636086, -0.245245
2192.000000,0.000000,0.000000,0.000000,0.000000,0.000000,0.000000,150.954100,76.947000,-1.248000, -1.079991, 12.475263, 0.124315
2195.000000,0.000000,0.000000,0.000000,0.000000,0.000000,0.000000,150.954100,76.947000,-1.248000, -0.930964, 10.753819, 0.107161
2200.000000,0.000000,0.000000,0.000000,0.000000,0.000000,0.000000,150.934900,77.611000,-1.182000, -0.887657, 12.236121, 0.388161
2203.000000,0.000000,0.000000,0.000000,0.000000,0.000000,0.000000,151.016700,78.477000,-1.276000, -0.354608, 13.491507, -0.096225
2209.000000,0.000000,0.000000,0.000000,0.000000,0.000000,0.000000,151.045800,78.872000,-1.328000, -0.174742, 13.387262, -0.316127
2211.000000,0.000000,0.000000,0.000000,0.000000,0.000000,0.000000,151.107900,79.519000,-1.342000, 0.120528, 12.594057, -0.292234
2217.000000,0.000000,0.000000,0.000000,0.000000,0.000000,0.000000,151.107900,79.519000,-1.342000, 0.112312, 11.735575, -0.272313
2220.000000,0.000000,0.000000,0.000000,0.000000,0.000000,0.000000,151.273000,80.580000,-1.088000, 0.756683, 13.047192, 0.833369
2223.000000,0.000000,0.000000,0.000000,0.000000,0.000000,0.000000,151.380500,81.014000,-0.961000, 1.115692, 13.173367, 1.265523
2227.000000,0.000000,0.000000,0.000000,0.000000,0.000000,0.000000,151.380500,81.014000,-0.961000, 0.961885, 11.357313, 1.091060
2233.000000,0.000000,0.000000,0.000000,0.000000,0.000000,0.000000,151.470500,81.679000,-0.943000, 1.238929, 12.797846, 1.018220
2236.000000,0.000000,0.000000,0.000000,0.000000,0.000000,0.000000,151.415300,82.568000,-1.111000, 0.690337, 13.138464, 0.062482
2239.000000,0.000000,0.000000,0.000000,0.000000,0.000000,0.000000,151.415300,82.568000,-1.111000, 0.598157, 11.384096, 0.054139
2245.000000,0.000000,0.000000,0.000000,0.000000,0.000000,0.000000,151.338000,83.017000,-1.158000, 0.168878, 11.814496, -0.163891
2247.000000,0.000000,0.000000,0.000000,0.000000,0.000000,0.000000,151.258600,83.626000,-1.176000, -0.194332, 11.268655, -0.194850
2252.000000,0.000000,0.000000,0.000000,0.000000,0.000000,0.000000,151.189000,84.239000,-1.138000, -0.494788, 13.223929, -0.009050
2255.000000,0.000000,0.000000,0.000000,0.000000,0.000000,0.000000,151.108000,84.715000,-1.060000, -0.748809, 12.646880, 0.332974
2259.000000,0.000000,0.000000,0.000000,0.000000,0.000000,0.000000,151.063400,85.115000,-1.079000, -0.841826, 12.625696, 0.199316
2264.000000,0.000000,0.000000,0.000000,0.000000,0.000000,0.000000,150.998100,85.555000,-1.120000, -0.953352, 11.960864, -0.018966
2267.000000,0.000000,0.000000,0.000000,0.000000,0.000000,0.000000,150.938900,86.174000,-1.223000, -1.018076, 12.251044, -0.449712
2272.000000,0.000000,0.000000,0.000000,0.000000,0.000000,0.000000,150.961400,86.780000,-1.348000, -0.776877, 13.188046, -0.934091
